60,59,LOUpgN1S8KqwEAjKWk0Zin2msaU=,guM/1pEwnBApe92umReyLmmMM/M=
61,59,LOUpgN1S8KqwEAjKWk0Zin2msaU=,guM/1pEwnBApe92umReyLmmMM/M=
62,59,LOUpgN1S8KqwEAjKWk0Zin2msaU=,guM/1pEwnBApe92umReyLmmMM/M=
57,60,LOUpgN1S8KqwEAjKWk0Zin2msaU=,guM/1pEwnBApe92umReyLmmMM/M=
58,60,LOUpgN1S8KqwEAjKWk0Zin2msaU=,guM/1pEwnBApe92umReyLmmMM/M=
59,59,o9rkuCVYa4jy7lQSUBqBLTxZXbM=,guM/1pEwnBApe92umReyLmmMM/M=
60,60,o9rkuCVYa4jy7lQSUBqBLTxZXbM=,guM/1pEwnBApe92umReyLmmMM/M=
59,60,o9rkuCVYa4jy7lQSUBqBLTxZXbM=,guM/1pEwnBApe92umReyLmmMM/M=
61,60,o9rkuCVYa4jy7lQSUBqBLTxZXbM=,guM/1pEwnBApe92umReyLmmMM/M=
62,60,o9rkuCVYa4jy7lQSUBqBLTxZXbM=,guM/1pEwnBApe92umReyLmmMM/M=
57,61,o9rkuCVYa4jy7lQSUBqBLTxZXbM=,guM/1pEwnBApe92umReyLmmMM/M=
58,61,o9rkuCVYa4jy7lQSUBqBLTxZXbM=,guM/1pEwnBApe92umReyLmmMM/M=
59,61,o9rkuCVYa4jy7lQSUBqBLTxZXbM=,guM/1pEwnBApe92umReyLmmMM/M=
61,61,o9rkuCVYa4jy7lQSUBqBLTxZXbM=,guM/1pEwnBApe92umReyLmmMM/M=
60,61,o9rkuCVYa4jy7lQSUBqBLTxZXbM=,guM/1pEwnBApe92umReyLmmMM/M=
62,61,o9rkuCVYa4jy7lQSUBqBLTxZXbM=,guM/1pEwnBApe92umReyLmmMM/M=
57,62,o9rkuCVYa4jy7lQSUBqBLTxZXbM=,guM/1pEwnBApe92umReyLmmMM/M=
58,62,o9rkuCVYa4jy7lQSUBqBLTxZXbM=,guM/1pEwnBApe92umReyLmmMM/M=
59,62,o9rkuCVYa4jy7lQSUBqBLTxZXbM=,guM/1pEwnBApe92umReyLmmMM/M=
60,62,o9rkuCVYa4jy7lQSUBqBLTxZXbM=,guM/1pEwnBApe92umReyLmmMM/M=
61,62,o9rkuCVYa4jy7lQSUBqBLTxZXbM=,guM/1pEwnBApe92umReyLmmMM/M=
58,57,o9rkuCVYa4jy7lQSUBqBLTxZXbM=,guM/1pEwnBApe92umReyLmmMM/M=
62,62,o9rkuCVYa4jy7lQSUBqBLTxZXbM=,guM/1pEwnBApe92umReyLmmMM/M=
57,57,o9rkuCVYa4jy7lQSUBqBLTxZXbM=,guM/1pEwnBApe92umReyLmmMM/M=
59,57,o9rkuCVYa4jy7lQSUBqBLTxZXbM=,guM/1pEwnBApe92umReyLmmMM/M=
60,57,o9rkuCVYa4jy7lQSUBqBLTxZXbM=,guM/1pEwnBApe92umReyLmmMM/M=
61,57,o9rkuCVYa4jy7lQSUBqBLTxZXbM=,guM/1pEwnBApe92umReyLmmMM/M=
62,57,o9rkuCVYa4jy7lQSUBqBLTxZXbM=,guM/1pEwnBApe92umReyLmmMM/M=
58,58,o9rkuCVYa4jy7lQSUBqBLTxZXbM=,guM/1pEwnBApe92umReyLmmMM/M=
57,58,o9rkuCVYa4jy7lQSUBqBLTxZXbM=,guM/1pEwnBApe92umReyLmmMM/M=
59,58,o9rkuCVYa4jy7lQSUBqBLTxZXbM=,guM/1pEwnBApe92umReyLmmMM/M=
61,58,o9rkuCVYa4jy7lQSUBqBLTxZXbM=,guM/1pEwnBApe92umReyLmmMM/M=
60,58,o9rkuCVYa4jy7lQSUBqBLTxZXbM=,guM/1pEwnBApe92umReyLmmMM/M=
62,58,o9rkuCVYa4jy7lQSUBqBLTxZXbM=,guM/1pEwnBApe92umReyLmmMM/M=
57,59,o9rkuCVYa4jy7lQSUBqBLTxZXbM=,guM/1pEwnBApe92umReyLmmMM/M=
63,59,o9rkuCVYa4jy7lQSUBqBLTxZXbM=,guM/1pEwnBApe92umReyLmmMM/M=
58,59,o9rkuCVYa4jy7lQSUBqBLTxZXbM=,guM/1pEwnBApe92umReyLmmMM/M=
63,60,o9rkuCVYa4jy7lQSUBqBLTxZXbM=,guM/1pEwnBApe92umReyLmmMM/M=
63,61,o9rkuCVYa4jy7lQSUBqBLTxZXbM=,guM/1pEwnBApe92umReyLmmMM/M=
63,62,o9rkuCVYa4jy7lQSUBqBLTxZXbM=,guM/1pEwnBApe92umReyLmmMM/M=
63,58,o9rkuCVYa4jy7lQSUBqBLTxZXbM=,guM/1pEwnBApe92umReyLmmMM/M=
63,57,o9rkuCVYa4jy7lQSUBqBLTxZXbM=,guM/1pEwnBApe92umReyLmmMM/M=
57,63,o9rkuCVYa4jy7lQSUBqBLTxZXbM=,guM/1pEwnBApe92umReyLmmMM/M=
58,63,o9rkuCVYa4jy7lQSUBqBLTxZXbM=,guM/1pEwnBApe92umReyLmmMM/M=
60,63,o9rkuCVYa4jy7lQSUBqBLTxZXbM=,guM/1pEwnBApe92umReyLmmMM/M=
59,63,o9rkuCVYa4jy7lQSUBqBLTxZXbM=,guM/1pEwnBApe92umReyLmmMM/M=
62,63,o9rkuCVYa4jy7lQSUBqBLTxZXbM=,guM/1pEwnBApe92umReyLmmMM/M=
61,63,o9rkuCVYa4jy7lQSUBqBLTxZXbM=,guM/1pEwnBApe92umReyLmmMM/M=
63,63,o9rkuCVYa4jy7lQSUBqBLTxZXbM=,guM/1pEwnBApe92umReyLmmMM/M=
52,59,o9rkuCVYa4jy7lQSUBqBLTxZXbM=,G10zlWt8aW133Yrkk0ofgxbQsf8=
53,59,o9rkuCVYa4jy7lQSUBqBLTxZXbM=,G10zlWt8aW133Yrkk0ofgxbQsf8=
55,59,o9rkuCVYa4jy7lQSUBqBLTxZXbM=,G10zlWt8aW133Yrkk0ofgxbQsf8=
48,60,o9rkuCVYa4jy7lQSUBqBLTxZXbM=,G10zlWt8aW133Yrkk0ofgxbQsf8=
54,59,o9rkuCVYa4jy7lQSUBqBLTxZXbM=,G10zlWt8aW133Yrkk0ofgxbQsf8=
49,60,o9rkuCVYa4jy7lQSUBqBLTxZXbM=,G10zlWt8aW133Yrkk0ofgxbQsf8=
50,60,o9rkuCVYa4jy7lQSUBqBLTxZXbM=,G10zlWt8aW133Yrkk0ofgxbQsf8=
51,60,o9rkuCVYa4jy7lQSUBqBLTxZXbM=,G10zlWt8aW133Yrkk0ofgxbQsf8=
52,60,o9rkuCVYa4jy7lQSUBqBLTxZXbM=,G10zlWt8aW133Yrkk0ofgxbQsf8=
56,60,o9rkuCVYa4jy7lQSUBqBLTxZXbM=,guM/1pEwnBApe92umReyLmmMM/M=
53,60,o9rkuCVYa4jy7lQSUBqBLTxZXbM=,G10zlWt8aW133Yrkk0ofgxbQsf8=
54,60,o9rkuCVYa4jy7lQSUBqBLTxZXbM=,G10zlWt8aW133Yrkk0ofgxbQsf8=
55,60,o9rkuCVYa4jy7lQSUBqBLTxZXbM=,G10zlWt8aW133Yrkk0ofgxbQsf8=
48,61,o9rkuCVYa4jy7lQSUBqBLTxZXbM=,G10zlWt8aW133Yrkk0ofgxbQsf8=
49,61,o9rkuCVYa4jy7lQSUBqBLTxZXbM=,G10zlWt8aW133Yrkk0ofgxbQsf8=
51,61,o9rkuCVYa4jy7lQSUBqBLTxZXbM=,G10zlWt8aW133Yrkk0ofgxbQsf8=
56,61,o9rkuCVYa4jy7lQSUBqBLTxZXbM=,guM/1pEwnBApe92umReyLmmMM/M=
52,61,o9rkuCVYa4jy7lQSUBqBLTxZXbM=,G10zlWt8aW133Yrkk0ofgxbQsf8=
50,61,o9rkuCVYa4jy7lQSUBqBLTxZXbM=,G10zlWt8aW133Yrkk0ofgxbQsf8=
53,61,o9rkuCVYa4jy7lQSUBqBLTxZXbM=,G10zlWt8aW133Yrkk0ofgxbQsf8=
54,61,o9rkuCVYa4jy7lQSUBqBLTxZXbM=,G10zlWt8aW133Yrkk0ofgxbQsf8=
56,62,o9rkuCVYa4jy7lQSUBqBLTxZXbM=,guM/1pEwnBApe92umReyLmmMM/M=
48,57,o9rkuCVYa4jy7lQSUBqBLTxZXbM=,G10zlWt8aW133Yrkk0ofgxbQsf8=
49,57,o9rkuCVYa4jy7lQSUBqBLTxZXbM=,G10zlWt8aW133Yrkk0ofgxbQsf8=
56,63,o9rkuCVYa4jy7lQSUBqBLTxZXbM=,guM/1pEwnBApe92umReyLmmMM/M=
48,62,o9rkuCVYa4jy7lQSUBqBLTxZXbM=,G10zlWt8aW133Yrkk0ofgxbQsf8=
55,61,o9rkuCVYa4jy7lQSUBqBLTxZXbM=,G10zlWt8aW133Yrkk0ofgxbQsf8=
50,57,o9rkuCVYa4jy7lQSUBqBLTxZXbM=,G10zlWt8aW133Yrkk0ofgxbQsf8=
51,57,o9rkuCVYa4jy7lQSUBqBLTxZXbM=,G10zlWt8aW133Yrkk0ofgxbQsf8=
53,57,o9rkuCVYa4jy7lQSUBqBLTxZXbM=,G10zlWt8aW133Yrkk0ofgxbQsf8=
52,57,o9rkuCVYa4jy7lQSUBqBLTxZXbM=,G10zlWt8aW133Yrkk0ofgxbQsf8=
54,57,o9rkuCVYa4jy7lQSUBqBLTxZXbM=,G10zlWt8aW133Yrkk0ofgxbQsf8=
56,57,o9rkuCVYa4jy7lQSUBqBLTxZXbM=,guM/1pEwnBApe92umReyLmmMM/M=
55,57,o9rkuCVYa4jy7lQSUBqBLTxZXbM=,G10zlWt8aW133Yrkk0ofgxbQsf8=
48,58,o9rkuCVYa4jy7lQSUBqBLTxZXbM=,G10zlWt8aW133Yrkk0ofgxbQsf8=
49,58,o9rkuCVYa4jy7lQSUBqBLTxZXbM=,G10zlWt8aW133Yrkk0ofgxbQsf8=
49,62,o9rkuCVYa4jy7lQSUBqBLTxZXbM=,G10zlWt8aW133Yrkk0ofgxbQsf8=
50,62,o9rkuCVYa4jy7lQSUBqBLTxZXbM=,G10zlWt8aW133Yrkk0ofgxbQsf8=
51,62,o9rkuCVYa4jy7lQSUBqBLTxZXbM=,G10zlWt8aW133Yrkk0ofgxbQsf8=
50,58,o9rkuCVYa4jy7lQSUBqBLTxZXbM=,G10zlWt8aW133Yrkk0ofgxbQsf8=
51,58,o9rkuCVYa4jy7lQSUBqBLTxZXbM=,G10zlWt8aW133Yrkk0ofgxbQsf8=
52,62,o9rkuCVYa4jy7lQSUBqBLTxZXbM=,G10zlWt8aW133Yrkk0ofgxbQsf8=
52,58,o9rkuCVYa4jy7lQSUBqBLTxZXbM=,G10zlWt8aW133Yrkk0ofgxbQsf8=
53,62,o9rkuCVYa4jy7lQSUBqBLTxZXbM=,G10zlWt8aW133Yrkk0ofgxbQsf8=
54,62,o9rkuCVYa4jy7lQSUBqBLTxZXbM=,G10zlWt8aW133Yrkk0ofgxbQsf8=
56,58,o9rkuCVYa4jy7lQSUBqBLTxZXbM=,guM/1pEwnBApe92umReyLmmMM/M=
53,58,o9rkuCVYa4jy7lQSUBqBLTxZXbM=,G10zlWt8aW133Yrkk0ofgxbQsf8=
54,58,o9rkuCVYa4jy7lQSUBqBLTxZXbM=,G10zlWt8aW133Yrkk0ofgxbQsf8=
55,62,o9rkuCVYa4jy7lQSUBqBLTxZXbM=,G10zlWt8aW133Yrkk0ofgxbQsf8=
48,63,o9rkuCVYa4jy7lQSUBqBLTxZXbM=,G10zlWt8aW133Yrkk0ofgxbQsf8=
49,63,o9rkuCVYa4jy7lQSUBqBLTxZXbM=,G10zlWt8aW133Yrkk0ofgxbQsf8=
50,63,o9rkuCVYa4jy7lQSUBqBLTxZXbM=,G10zlWt8aW133Yrkk0ofgxbQsf8=
51,63,o9rkuCVYa4jy7lQSUBqBLTxZXbM=,G10zlWt8aW133Yrkk0ofgxbQsf8=
52,63,o9rkuCVYa4jy7lQSUBqBLTxZXbM=,G10zlWt8aW133Yrkk0ofgxbQsf8=
55,58,o9rkuCVYa4jy7lQSUBqBLTxZXbM=,G10zlWt8aW133Yrkk0ofgxbQsf8=
48,59,o9rkuCVYa4jy7lQSUBqBLTxZXbM=,G10zlWt8aW133Yrkk0ofgxbQsf8=
51,59,o9rkuCVYa4jy7lQSUBqBLTxZXbM=,G10zlWt8aW133Yrkk0ofgxbQsf8=
49,59,o9rkuCVYa4jy7lQSUBqBLTxZXbM=,G10zlWt8aW133Yrkk0ofgxbQsf8=
55,63,o9rkuCVYa4jy7lQSUBqBLTxZXbM=,G10zlWt8aW133Yrkk0ofgxbQsf8=
50,59,o9rkuCVYa4jy7lQSUBqBLTxZXbM=,G10zlWt8aW133Yrkk0ofgxbQsf8=
56,59,o9rkuCVYa4jy7lQSUBqBLTxZXbM=,guM/1pEwnBApe92umReyLmmMM/M=
54,63,o9rkuCVYa4jy7lQSUBqBLTxZXbM=,G10zlWt8aW133Yrkk0ofgxbQsf8=
53,63,o9rkuCVYa4jy7lQSUBqBLTxZXbM=,G10zlWt8aW133Yrkk0ofgxbQsf8=
60,51,o9rkuCVYa4jy7lQSUBqBLTxZXbM=,TUmbSs5NRCnuH8/YhZFq1pFtjUE=
61,51,o9rkuCVYa4jy7lQSUBqBLTxZXbM=,TUmbSs5NRCnuH8/YhZFq1pFtjUE=
62,51,o9rkuCVYa4jy7lQSUBqBLTxZXbM=,TUmbSs5NRCnuH8/YhZFq1pFtjUE=
63,51,o9rkuCVYa4jy7lQSUBqBLTxZXbM=,TUmbSs5NRCnuH8/YhZFq1pFtjUE=
57,52,o9rkuCVYa4jy7lQSUBqBLTxZXbM=,TUmbSs5NRCnuH8/YhZFq1pFtjUE=
58,52,o9rkuCVYa4jy7lQSUBqBLTxZXbM=,TUmbSs5NRCnuH8/YhZFq1pFtjUE=
59,52,o9rkuCVYa4jy7lQSUBqBLTxZXbM=,TUmbSs5NRCnuH8/YhZFq1pFtjUE=
60,52,o9rkuCVYa4jy7lQSUBqBLTxZXbM=,TUmbSs5NRCnuH8/YhZFq1pFtjUE=
61,52,o9rkuCVYa4jy7lQSUBqBLTxZXbM=,TUmbSs5NRCnuH8/YhZFq1pFtjUE=
62,52,o9rkuCVYa4jy7lQSUBqBLTxZXbM=,TUmbSs5NRCnuH8/YhZFq1pFtjUE=
63,52,o9rkuCVYa4jy7lQSUBqBLTxZXbM=,TUmbSs5NRCnuH8/YhZFq1pFtjUE=
57,53,o9rkuCVYa4jy7lQSUBqBLTxZXbM=,TUmbSs5NRCnuH8/YhZFq1pFtjUE=
58,53,o9rkuCVYa4jy7lQSUBqBLTxZXbM=,TUmbSs5NRCnuH8/YhZFq1pFtjUE=
59,53,o9rkuCVYa4jy7lQSUBqBLTxZXbM=,TUmbSs5NRCnuH8/YhZFq1pFtjUE=
63,55,o9rkuCVYa4jy7lQSUBqBLTxZXbM=,TUmbSs5NRCnuH8/YhZFq1pFtjUE=
62,55,o9rkuCVYa4jy7lQSUBqBLTxZXbM=,TUmbSs5NRCnuH8/YhZFq1pFtjUE=
59,51,o9rkuCVYa4jy7lQSUBqBLTxZXbM=,TUmbSs5NRCnuH8/YhZFq1pFtjUE=
61,55,o9rkuCVYa4jy7lQSUBqBLTxZXbM=,TUmbSs5NRCnuH8/YhZFq1pFtjUE=
58,51,o9rkuCVYa4jy7lQSUBqBLTxZXbM=,TUmbSs5NRCnuH8/YhZFq1pFtjUE=
60,55,o9rkuCVYa4jy7lQSUBqBLTxZXbM=,TUmbSs5NRCnuH8/YhZFq1pFtjUE=
63,50,o9rkuCVYa4jy7lQSUBqBLTxZXbM=,TUmbSs5NRCnuH8/YhZFq1pFtjUE=
57,51,o9rkuCVYa4jy7lQSUBqBLTxZXbM=,TUmbSs5NRCnuH8/YhZFq1pFtjUE=
59,55,o9rkuCVYa4jy7lQSUBqBLTxZXbM=,TUmbSs5NRCnuH8/YhZFq1pFtjUE=
62,50,o9rkuCVYa4jy7lQSUBqBLTxZXbM=,TUmbSs5NRCnuH8/YhZFq1pFtjUE=
61,50,o9rkuCVYa4jy7lQSUBqBLTxZXbM=,TUmbSs5NRCnuH8/YhZFq1pFtjUE=
60,53,o9rkuCVYa4jy7lQSUBqBLTxZXbM=,TUmbSs5NRCnuH8/YhZFq1pFtjUE=
61,53,o9rkuCVYa4jy7lQSUBqBLTxZXbM=,TUmbSs5NRCnuH8/YhZFq1pFtjUE=
62,53,o9rkuCVYa4jy7lQSUBqBLTxZXbM=,TUmbSs5NRCnuH8/YhZFq1pFtjUE=
63,53,o9rkuCVYa4jy7lQSUBqBLTxZXbM=,TUmbSs5NRCnuH8/YhZFq1pFtjUE=
60,50,o9rkuCVYa4jy7lQSUBqBLTxZXbM=,TUmbSs5NRCnuH8/YhZFq1pFtjUE=
59,50,o9rkuCVYa4jy7lQSUBqBLTxZXbM=,TUmbSs5NRCnuH8/YhZFq1pFtjUE=
57,54,o9rkuCVYa4jy7lQSUBqBLTxZXbM=,TUmbSs5NRCnuH8/YhZFq1pFtjUE=
58,54,o9rkuCVYa4jy7lQSUBqBLTxZXbM=,TUmbSs5NRCnuH8/YhZFq1pFtjUE=
58,55,o9rkuCVYa4jy7lQSUBqBLTxZXbM=,TUmbSs5NRCnuH8/YhZFq1pFtjUE=
57,56,o9rkuCVYa4jy7lQSUBqBLTxZXbM=,guM/1pEwnBApe92umReyLmmMM/M=
57,55,o9rkuCVYa4jy7lQSUBqBLTxZXbM=,TUmbSs5NRCnuH8/YhZFq1pFtjUE=
58,50,o9rkuCVYa4jy7lQSUBqBLTxZXbM=,TUmbSs5NRCnuH8/YhZFq1pFtjUE=
59,54,o9rkuCVYa4jy7lQSUBqBLTxZXbM=,TUmbSs5NRCnuH8/YhZFq1pFtjUE=
57,50,o9rkuCVYa4jy7lQSUBqBLTxZXbM=,TUmbSs5NRCnuH8/YhZFq1pFtjUE=
60,54,o9rkuCVYa4jy7lQSUBqBLTxZXbM=,TUmbSs5NRCnuH8/YhZFq1pFtjUE=
58,56,o9rkuCVYa4jy7lQSUBqBLTxZXbM=,guM/1pEwnBApe92umReyLmmMM/M=
63,49,o9rkuCVYa4jy7lQSUBqBLTxZXbM=,TUmbSs5NRCnuH8/YhZFq1pFtjUE=
59,56,o9rkuCVYa4jy7lQSUBqBLTxZXbM=,guM/1pEwnBApe92umReyLmmMM/M=
62,49,o9rkuCVYa4jy7lQSUBqBLTxZXbM=,TUmbSs5NRCnuH8/YhZFq1pFtjUE=
61,49,o9rkuCVYa4jy7lQSUBqBLTxZXbM=,TUmbSs5NRCnuH8/YhZFq1pFtjUE=
60,49,o9rkuCVYa4jy7lQSUBqBLTxZXbM=,TUmbSs5NRCnuH8/YhZFq1pFtjUE=
61,54,o9rkuCVYa4jy7lQSUBqBLTxZXbM=,TUmbSs5NRCnuH8/YhZFq1pFtjUE=
57,48,o9rkuCVYa4jy7lQSUBqBLTxZXbM=,TUmbSs5NRCnuH8/YhZFq1pFtjUE=
58,48,o9rkuCVYa4jy7lQSUBqBLTxZXbM=,TUmbSs5NRCnuH8/YhZFq1pFtjUE=
59,49,o9rkuCVYa4jy7lQSUBqBLTxZXbM=,TUmbSs5NRCnuH8/YhZFq1pFtjUE=
58,49,o9rkuCVYa4jy7lQSUBqBLTxZXbM=,TUmbSs5NRCnuH8/YhZFq1pFtjUE=
57,49,o9rkuCVYa4jy7lQSUBqBLTxZXbM=,TUmbSs5NRCnuH8/YhZFq1pFtjUE=
62,54,o9rkuCVYa4jy7lQSUBqBLTxZXbM=,TUmbSs5NRCnuH8/YhZFq1pFtjUE=
60,56,o9rkuCVYa4jy7lQSUBqBLTxZXbM=,guM/1pEwnBApe92umReyLmmMM/M=
63,54,o9rkuCVYa4jy7lQSUBqBLTxZXbM=,TUmbSs5NRCnuH8/YhZFq1pFtjUE=
59,48,o9rkuCVYa4jy7lQSUBqBLTxZXbM=,TUmbSs5NRCnuH8/YhZFq1pFtjUE=
63,48,o9rkuCVYa4jy7lQSUBqBLTxZXbM=,TUmbSs5NRCnuH8/YhZFq1pFtjUE=
61,56,o9rkuCVYa4jy7lQSUBqBLTxZXbM=,guM/1pEwnBApe92umReyLmmMM/M=
62,48,o9rkuCVYa4jy7lQSUBqBLTxZXbM=,TUmbSs5NRCnuH8/YhZFq1pFtjUE=
63,56,o9rkuCVYa4jy7lQSUBqBLTxZXbM=,guM/1pEwnBApe92umReyLmmMM/M=
60,48,o9rkuCVYa4jy7lQSUBqBLTxZXbM=,TUmbSs5NRCnuH8/YhZFq1pFtjUE=
61,48,o9rkuCVYa4jy7lQSUBqBLTxZXbM=,TUmbSs5NRCnuH8/YhZFq1pFtjUE=
62,56,o9rkuCVYa4jy7lQSUBqBLTxZXbM=,guM/1pEwnBApe92umReyLmmMM/M=
52,51,o9rkuCVYa4jy7lQSUBqBLTxZXbM=,n2Y8Ha34NlVqmj72twlJ9riatd4=
53,51,o9rkuCVYa4jy7lQSUBqBLTxZXbM=,n2Y8Ha34NlVqmj72twlJ9riatd4=
54,51,o9rkuCVYa4jy7lQSUBqBLTxZXbM=,n2Y8Ha34NlVqmj72twlJ9riatd4=
48,50,o9rkuCVYa4jy7lQSUBqBLTxZXbM=,n2Y8Ha34NlVqmj72twlJ9riatd4=
55,55,o9rkuCVYa4jy7lQSUBqBLTxZXbM=,n2Y8Ha34NlVqmj72twlJ9riatd4=
55,51,o9rkuCVYa4jy7lQSUBqBLTxZXbM=,n2Y8Ha34NlVqmj72twlJ9riatd4=
50,49,o9rkuCVYa4jy7lQSUBqBLTxZXbM=,n2Y8Ha34NlVqmj72twlJ9riatd4=
48,52,o9rkuCVYa4jy7lQSUBqBLTxZXbM=,n2Y8Ha34NlVqmj72twlJ9riatd4=
54,50,o9rkuCVYa4jy7lQSUBqBLTxZXbM=,n2Y8Ha34NlVqmj72twlJ9riatd4=
51,51,o9rkuCVYa4jy7lQSUBqBLTxZXbM=,n2Y8Ha34NlVqmj72twlJ9riatd4=
54,55,o9rkuCVYa4jy7lQSUBqBLTxZXbM=,n2Y8Ha34NlVqmj72twlJ9riatd4=
53,55,o9rkuCVYa4jy7lQSUBqBLTxZXbM=,n2Y8Ha34NlVqmj72twlJ9riatd4=
55,50,o9rkuCVYa4jy7lQSUBqBLTxZXbM=,n2Y8Ha34NlVqmj72twlJ9riatd4=
49,50,o9rkuCVYa4jy7lQSUBqBLTxZXbM=,n2Y8Ha34NlVqmj72twlJ9riatd4=
48,48,o9rkuCVYa4jy7lQSUBqBLTxZXbM=,n2Y8Ha34NlVqmj72twlJ9riatd4=
50,50,o9rkuCVYa4jy7lQSUBqBLTxZXbM=,n2Y8Ha34NlVqmj72twlJ9riatd4=
56,51,o9rkuCVYa4jy7lQSUBqBLTxZXbM=,TUmbSs5NRCnuH8/YhZFq1pFtjUE=
56,50,o9rkuCVYa4jy7lQSUBqBLTxZXbM=,TUmbSs5NRCnuH8/YhZFq1pFtjUE=
53,50,o9rkuCVYa4jy7lQSUBqBLTxZXbM=,n2Y8Ha34NlVqmj72twlJ9riatd4=
51,50,o9rkuCVYa4jy7lQSUBqBLTxZXbM=,n2Y8Ha34NlVqmj72twlJ9riatd4=
49,52,o9rkuCVYa4jy7lQSUBqBLTxZXbM=,n2Y8Ha34NlVqmj72twlJ9riatd4=
50,52,o9rkuCVYa4jy7lQSUBqBLTxZXbM=,n2Y8Ha34NlVqmj72twlJ9riatd4=
52,55,o9rkuCVYa4jy7lQSUBqBLTxZXbM=,n2Y8Ha34NlVqmj72twlJ9riatd4=
51,52,o9rkuCVYa4jy7lQSUBqBLTxZXbM=,n2Y8Ha34NlVqmj72twlJ9riatd4=
56,55,o9rkuCVYa4jy7lQSUBqBLTxZXbM=,TUmbSs5NRCnuH8/YhZFq1pFtjUE=
52,52,o9rkuCVYa4jy7lQSUBqBLTxZXbM=,n2Y8Ha34NlVqmj72twlJ9riatd4=
51,48,o9rkuCVYa4jy7lQSUBqBLTxZXbM=,n2Y8Ha34NlVqmj72twlJ9riatd4=
53,52,o9rkuCVYa4jy7lQSUBqBLTxZXbM=,n2Y8Ha34NlVqmj72twlJ9riatd4=
56,49,o9rkuCVYa4jy7lQSUBqBLTxZXbM=,TUmbSs5NRCnuH8/YhZFq1pFtjUE=
54,52,o9rkuCVYa4jy7lQSUBqBLTxZXbM=,n2Y8Ha34NlVqmj72twlJ9riatd4=
51,55,o9rkuCVYa4jy7lQSUBqBLTxZXbM=,n2Y8Ha34NlVqmj72twlJ9riatd4=
55,52,o9rkuCVYa4jy7lQSUBqBLTxZXbM=,n2Y8Ha34NlVqmj72twlJ9riatd4=
56,56,o9rkuCVYa4jy7lQSUBqBLTxZXbM=,guM/1pEwnBApe92umReyLmmMM/M=
48,51,o9rkuCVYa4jy7lQSUBqBLTxZXbM=,n2Y8Ha34NlVqmj72twlJ9riatd4=
56,52,o9rkuCVYa4jy7lQSUBqBLTxZXbM=,TUmbSs5NRCnuH8/YhZFq1pFtjUE=
56,54,o9rkuCVYa4jy7lQSUBqBLTxZXbM=,TUmbSs5NRCnuH8/YhZFq1pFtjUE=
48,53,o9rkuCVYa4jy7lQSUBqBLTxZXbM=,n2Y8Ha34NlVqmj72twlJ9riatd4=
51,49,o9rkuCVYa4jy7lQSUBqBLTxZXbM=,n2Y8Ha34NlVqmj72twlJ9riatd4=
49,48,o9rkuCVYa4jy7lQSUBqBLTxZXbM=,n2Y8Ha34NlVqmj72twlJ9riatd4=
49,53,o9rkuCVYa4jy7lQSUBqBLTxZXbM=,n2Y8Ha34NlVqmj72twlJ9riatd4=
50,51,o9rkuCVYa4jy7lQSUBqBLTxZXbM=,n2Y8Ha34NlVqmj72twlJ9riatd4=
50,53,o9rkuCVYa4jy7lQSUBqBLTxZXbM=,n2Y8Ha34NlVqmj72twlJ9riatd4=
50,55,o9rkuCVYa4jy7lQSUBqBLTxZXbM=,n2Y8Ha34NlVqmj72twlJ9riatd4=
52,48,o9rkuCVYa4jy7lQSUBqBLTxZXbM=,n2Y8Ha34NlVqmj72twlJ9riatd4=
51,53,o9rkuCVYa4jy7lQSUBqBLTxZXbM=,n2Y8Ha34NlVqmj72twlJ9riatd4=
56,48,o9rkuCVYa4jy7lQSUBqBLTxZXbM=,TUmbSs5NRCnuH8/YhZFq1pFtjUE=
55,56,o9rkuCVYa4jy7lQSUBqBLTxZXbM=,G10zlWt8aW133Yrkk0ofgxbQsf8=
52,53,o9rkuCVYa4jy7lQSUBqBLTxZXbM=,n2Y8Ha34NlVqmj72twlJ9riatd4=
53,48,o9rkuCVYa4jy7lQSUBqBLTxZXbM=,n2Y8Ha34NlVqmj72twlJ9riatd4=
49,55,o9rkuCVYa4jy7lQSUBqBLTxZXbM=,n2Y8Ha34NlVqmj72twlJ9riatd4=
53,53,o9rkuCVYa4jy7lQSUBqBLTxZXbM=,n2Y8Ha34NlVqmj72twlJ9riatd4=
48,55,o9rkuCVYa4jy7lQSUBqBLTxZXbM=,n2Y8Ha34NlVqmj72twlJ9riatd4=
54,53,o9rkuCVYa4jy7lQSUBqBLTxZXbM=,n2Y8Ha34NlVqmj72twlJ9riatd4=
55,54,o9rkuCVYa4jy7lQSUBqBLTxZXbM=,n2Y8Ha34NlVqmj72twlJ9riatd4=
54,56,o9rkuCVYa4jy7lQSUBqBLTxZXbM=,G10zlWt8aW133Yrkk0ofgxbQsf8=
54,54,o9rkuCVYa4jy7lQSUBqBLTxZXbM=,n2Y8Ha34NlVqmj72twlJ9riatd4=
53,54,o9rkuCVYa4jy7lQSUBqBLTxZXbM=,n2Y8Ha34NlVqmj72twlJ9riatd4=
53,56,o9rkuCVYa4jy7lQSUBqBLTxZXbM=,G10zlWt8aW133Yrkk0ofgxbQsf8=
52,56,o9rkuCVYa4jy7lQSUBqBLTxZXbM=,G10zlWt8aW133Yrkk0ofgxbQsf8=
55,53,o9rkuCVYa4jy7lQSUBqBLTxZXbM=,n2Y8Ha34NlVqmj72twlJ9riatd4=
54,48,o9rkuCVYa4jy7lQSUBqBLTxZXbM=,n2Y8Ha34NlVqmj72twlJ9riatd4=
48,54,o9rkuCVYa4jy7lQSUBqBLTxZXbM=,n2Y8Ha34NlVqmj72twlJ9riatd4=
56,53,o9rkuCVYa4jy7lQSUBqBLTxZXbM=,TUmbSs5NRCnuH8/YhZFq1pFtjUE=
50,56,o9rkuCVYa4jy7lQSUBqBLTxZXbM=,G10zlWt8aW133Yrkk0ofgxbQsf8=
49,56,o9rkuCVYa4jy7lQSUBqBLTxZXbM=,G10zlWt8aW133Yrkk0ofgxbQsf8=
55,48,o9rkuCVYa4jy7lQSUBqBLTxZXbM=,n2Y8Ha34NlVqmj72twlJ9riatd4=
52,54,o9rkuCVYa4jy7lQSUBqBLTxZXbM=,n2Y8Ha34NlVqmj72twlJ9riatd4=
49,51,o9rkuCVYa4jy7lQSUBqBLTxZXbM=,n2Y8Ha34NlVqmj72twlJ9riatd4=
48,56,o9rkuCVYa4jy7lQSUBqBLTxZXbM=,G10zlWt8aW133Yrkk0ofgxbQsf8=
52,49,o9rkuCVYa4jy7lQSUBqBLTxZXbM=,n2Y8Ha34NlVqmj72twlJ9riatd4=
50,48,o9rkuCVYa4jy7lQSUBqBLTxZXbM=,n2Y8Ha34NlVqmj72twlJ9riatd4=
53,49,o9rkuCVYa4jy7lQSUBqBLTxZXbM=,n2Y8Ha34NlVqmj72twlJ9riatd4=
52,50,o9rkuCVYa4jy7lQSUBqBLTxZXbM=,n2Y8Ha34NlVqmj72twlJ9riatd4=
55,49,o9rkuCVYa4jy7lQSUBqBLTxZXbM=,n2Y8Ha34NlVqmj72twlJ9riatd4=
49,54,o9rkuCVYa4jy7lQSUBqBLTxZXbM=,n2Y8Ha34NlVqmj72twlJ9riatd4=
50,54,o9rkuCVYa4jy7lQSUBqBLTxZXbM=,n2Y8Ha34NlVqmj72twlJ9riatd4=
48,49,o9rkuCVYa4jy7lQSUBqBLTxZXbM=,n2Y8Ha34NlVqmj72twlJ9riatd4=
51,54,o9rkuCVYa4jy7lQSUBqBLTxZXbM=,n2Y8Ha34NlVqmj72twlJ9riatd4=
51,56,o9rkuCVYa4jy7lQSUBqBLTxZXbM=,G10zlWt8aW133Yrkk0ofgxbQsf8=
49,49,o9rkuCVYa4jy7lQSUBqBLTxZXbM=,n2Y8Ha34NlVqmj72twlJ9riatd4=
54,49,o9rkuCVYa4jy7lQSUBqBLTxZXbM=,n2Y8Ha34NlVqmj72twlJ9riatd4=
50,47,o9rkuCVYa4jy7lQSUBqBLTxZXbM=,j/E8zE+n4WumwNp9o1vafGyIM6Q=
51,47,o9rkuCVYa4jy7lQSUBqBLTxZXbM=,j/E8zE+n4WumwNp9o1vafGyIM6Q=
52,47,o9rkuCVYa4jy7lQSUBqBLTxZXbM=,j/E8zE+n4WumwNp9o1vafGyIM6Q=
49,47,o9rkuCVYa4jy7lQSUBqBLTxZXbM=,j/E8zE+n4WumwNp9o1vafGyIM6Q=
53,46,o9rkuCVYa4jy7lQSUBqBLTxZXbM=,j/E8zE+n4WumwNp9o1vafGyIM6Q=
54,46,o9rkuCVYa4jy7lQSUBqBLTxZXbM=,j/E8zE+n4WumwNp9o1vafGyIM6Q=
48,47,o9rkuCVYa4jy7lQSUBqBLTxZXbM=,j/E8zE+n4WumwNp9o1vafGyIM6Q=
52,46,o9rkuCVYa4jy7lQSUBqBLTxZXbM=,j/E8zE+n4WumwNp9o1vafGyIM6Q=
49,46,o9rkuCVYa4jy7lQSUBqBLTxZXbM=,j/E8zE+n4WumwNp9o1vafGyIM6Q=
51,46,o9rkuCVYa4jy7lQSUBqBLTxZXbM=,j/E8zE+n4WumwNp9o1vafGyIM6Q=
50,46,o9rkuCVYa4jy7lQSUBqBLTxZXbM=,j/E8zE+n4WumwNp9o1vafGyIM6Q=
48,46,o9rkuCVYa4jy7lQSUBqBLTxZXbM=,j/E8zE+n4WumwNp9o1vafGyIM6Q=
52,45,o9rkuCVYa4jy7lQSUBqBLTxZXbM=,j/E8zE+n4WumwNp9o1vafGyIM6Q=
54,45,o9rkuCVYa4jy7lQSUBqBLTxZXbM=,j/E8zE+n4WumwNp9o1vafGyIM6Q=
53,45,o9rkuCVYa4jy7lQSUBqBLTxZXbM=,j/E8zE+n4WumwNp9o1vafGyIM6Q=
51,45,o9rkuCVYa4jy7lQSUBqBLTxZXbM=,j/E8zE+n4WumwNp9o1vafGyIM6Q=
49,45,o9rkuCVYa4jy7lQSUBqBLTxZXbM=,j/E8zE+n4WumwNp9o1vafGyIM6Q=
50,45,o9rkuCVYa4jy7lQSUBqBLTxZXbM=,j/E8zE+n4WumwNp9o1vafGyIM6Q=
54,44,o9rkuCVYa4jy7lQSUBqBLTxZXbM=,j/E8zE+n4WumwNp9o1vafGyIM6Q=
48,45,o9rkuCVYa4jy7lQSUBqBLTxZXbM=,j/E8zE+n4WumwNp9o1vafGyIM6Q=
52,44,o9rkuCVYa4jy7lQSUBqBLTxZXbM=,j/E8zE+n4WumwNp9o1vafGyIM6Q=
50,44,o9rkuCVYa4jy7lQSUBqBLTxZXbM=,j/E8zE+n4WumwNp9o1vafGyIM6Q=
51,44,o9rkuCVYa4jy7lQSUBqBLTxZXbM=,j/E8zE+n4WumwNp9o1vafGyIM6Q=
49,44,o9rkuCVYa4jy7lQSUBqBLTxZXbM=,j/E8zE+n4WumwNp9o1vafGyIM6Q=
53,44,o9rkuCVYa4jy7lQSUBqBLTxZXbM=,j/E8zE+n4WumwNp9o1vafGyIM6Q=
48,44,o9rkuCVYa4jy7lQSUBqBLTxZXbM=,j/E8zE+n4WumwNp9o1vafGyIM6Q=
53,43,o9rkuCVYa4jy7lQSUBqBLTxZXbM=,j/E8zE+n4WumwNp9o1vafGyIM6Q=
52,43,o9rkuCVYa4jy7lQSUBqBLTxZXbM=,j/E8zE+n4WumwNp9o1vafGyIM6Q=
54,43,o9rkuCVYa4jy7lQSUBqBLTxZXbM=,j/E8zE+n4WumwNp9o1vafGyIM6Q=
50,43,o9rkuCVYa4jy7lQSUBqBLTxZXbM=,j/E8zE+n4WumwNp9o1vafGyIM6Q=
49,43,o9rkuCVYa4jy7lQSUBqBLTxZXbM=,j/E8zE+n4WumwNp9o1vafGyIM6Q=
48,43,o9rkuCVYa4jy7lQSUBqBLTxZXbM=,j/E8zE+n4WumwNp9o1vafGyIM6Q=
51,43,o9rkuCVYa4jy7lQSUBqBLTxZXbM=,j/E8zE+n4WumwNp9o1vafGyIM6Q=
54,42,o9rkuCVYa4jy7lQSUBqBLTxZXbM=,j/E8zE+n4WumwNp9o1vafGyIM6Q=
53,42,o9rkuCVYa4jy7lQSUBqBLTxZXbM=,j/E8zE+n4WumwNp9o1vafGyIM6Q=
51,42,o9rkuCVYa4jy7lQSUBqBLTxZXbM=,j/E8zE+n4WumwNp9o1vafGyIM6Q=
52,42,o9rkuCVYa4jy7lQSUBqBLTxZXbM=,j/E8zE+n4WumwNp9o1vafGyIM6Q=
48,42,o9rkuCVYa4jy7lQSUBqBLTxZXbM=,j/E8zE+n4WumwNp9o1vafGyIM6Q=
50,42,o9rkuCVYa4jy7lQSUBqBLTxZXbM=,j/E8zE+n4WumwNp9o1vafGyIM6Q=
49,42,o9rkuCVYa4jy7lQSUBqBLTxZXbM=,j/E8zE+n4WumwNp9o1vafGyIM6Q=
54,41,o9rkuCVYa4jy7lQSUBqBLTxZXbM=,j/E8zE+n4WumwNp9o1vafGyIM6Q=
53,41,o9rkuCVYa4jy7lQSUBqBLTxZXbM=,j/E8zE+n4WumwNp9o1vafGyIM6Q=
51,41,o9rkuCVYa4jy7lQSUBqBLTxZXbM=,j/E8zE+n4WumwNp9o1vafGyIM6Q=
52,41,o9rkuCVYa4jy7lQSUBqBLTxZXbM=,j/E8zE+n4WumwNp9o1vafGyIM6Q=
50,41,o9rkuCVYa4jy7lQSUBqBLTxZXbM=,j/E8zE+n4WumwNp9o1vafGyIM6Q=
49,41,o9rkuCVYa4jy7lQSUBqBLTxZXbM=,j/E8zE+n4WumwNp9o1vafGyIM6Q=
48,41,o9rkuCVYa4jy7lQSUBqBLTxZXbM=,j/E8zE+n4WumwNp9o1vafGyIM6Q=
54,47,o9rkuCVYa4jy7lQSUBqBLTxZXbM=,j/E8zE+n4WumwNp9o1vafGyIM6Q=
53,47,o9rkuCVYa4jy7lQSUBqBLTxZXbM=,j/E8zE+n4WumwNp9o1vafGyIM6Q=
51,34,o9rkuCVYa4jy7lQSUBqBLTxZXbM=,z+23upT9p+kaUjlLqt5fPK7Q7ZM=
51,33,o9rkuCVYa4jy7lQSUBqBLTxZXbM=,z+23upT9p+kaUjlLqt5fPK7Q7ZM=
52,39,o9rkuCVYa4jy7lQSUBqBLTxZXbM=,z+23upT9p+kaUjlLqt5fPK7Q7ZM=
52,38,o9rkuCVYa4jy7lQSUBqBLTxZXbM=,z+23upT9p+kaUjlLqt5fPK7Q7ZM=
53,38,o9rkuCVYa4jy7lQSUBqBLTxZXbM=,z+23upT9p+kaUjlLqt5fPK7Q7ZM=
51,39,o9rkuCVYa4jy7lQSUBqBLTxZXbM=,z+23upT9p+kaUjlLqt5fPK7Q7ZM=
53,39,o9rkuCVYa4jy7lQSUBqBLTxZXbM=,z+23upT9p+kaUjlLqt5fPK7Q7ZM=
55,37,o9rkuCVYa4jy7lQSUBqBLTxZXbM=,z+23upT9p+kaUjlLqt5fPK7Q7ZM=
54,39,o9rkuCVYa4jy7lQSUBqBLTxZXbM=,z+23upT9p+kaUjlLqt5fPK7Q7ZM=
51,38,o9rkuCVYa4jy7lQSUBqBLTxZXbM=,z+23upT9p+kaUjlLqt5fPK7Q7ZM=
50,38,o9rkuCVYa4jy7lQSUBqBLTxZXbM=,z+23upT9p+kaUjlLqt5fPK7Q7ZM=
52,34,o9rkuCVYa4jy7lQSUBqBLTxZXbM=,z+23upT9p+kaUjlLqt5fPK7Q7ZM=
48,38,o9rkuCVYa4jy7lQSUBqBLTxZXbM=,z+23upT9p+kaUjlLqt5fPK7Q7ZM=
49,38,o9rkuCVYa4jy7lQSUBqBLTxZXbM=,z+23upT9p+kaUjlLqt5fPK7Q7ZM=
48,40,o9rkuCVYa4jy7lQSUBqBLTxZXbM=,j/E8zE+n4WumwNp9o1vafGyIM6Q=
51,32,o9rkuCVYa4jy7lQSUBqBLTxZXbM=,z+23upT9p+kaUjlLqt5fPK7Q7ZM=
50,39,o9rkuCVYa4jy7lQSUBqBLTxZXbM=,z+23upT9p+kaUjlLqt5fPK7Q7ZM=
53,34,o9rkuCVYa4jy7lQSUBqBLTxZXbM=,z+23upT9p+kaUjlLqt5fPK7Q7ZM=
48,32,o9rkuCVYa4jy7lQSUBqBLTxZXbM=,z+23upT9p+kaUjlLqt5fPK7Q7ZM=
49,40,o9rkuCVYa4jy7lQSUBqBLTxZXbM=,j/E8zE+n4WumwNp9o1vafGyIM6Q=
49,34,o9rkuCVYa4jy7lQSUBqBLTxZXbM=,z+23upT9p+kaUjlLqt5fPK7Q7ZM=
50,33,o9rkuCVYa4jy7lQSUBqBLTxZXbM=,z+23upT9p+kaUjlLqt5fPK7Q7ZM=
50,37,o9rkuCVYa4jy7lQSUBqBLTxZXbM=,z+23upT9p+kaUjlLqt5fPK7Q7ZM=
49,33,o9rkuCVYa4jy7lQSUBqBLTxZXbM=,z+23upT9p+kaUjlLqt5fPK7Q7ZM=
49,39,o9rkuCVYa4jy7lQSUBqBLTxZXbM=,z+23upT9p+kaUjlLqt5fPK7Q7ZM=
50,40,o9rkuCVYa4jy7lQSUBqBLTxZXbM=,j/E8zE+n4WumwNp9o1vafGyIM6Q=
49,37,o9rkuCVYa4jy7lQSUBqBLTxZXbM=,z+23upT9p+kaUjlLqt5fPK7Q7ZM=
51,40,o9rkuCVYa4jy7lQSUBqBLTxZXbM=,j/E8zE+n4WumwNp9o1vafGyIM6Q=
54,37,o9rkuCVYa4jy7lQSUBqBLTxZXbM=,z+23upT9p+kaUjlLqt5fPK7Q7ZM=
50,32,o9rkuCVYa4jy7lQSUBqBLTxZXbM=,z+23upT9p+kaUjlLqt5fPK7Q7ZM=
49,32,o9rkuCVYa4jy7lQSUBqBLTxZXbM=,z+23upT9p+kaUjlLqt5fPK7Q7ZM=
51,36,o9rkuCVYa4jy7lQSUBqBLTxZXbM=,z+23upT9p+kaUjlLqt5fPK7Q7ZM=
48,34,o9rkuCVYa4jy7lQSUBqBLTxZXbM=,z+23upT9p+kaUjlLqt5fPK7Q7ZM=
52,40,o9rkuCVYa4jy7lQSUBqBLTxZXbM=,j/E8zE+n4WumwNp9o1vafGyIM6Q=
48,33,o9rkuCVYa4jy7lQSUBqBLTxZXbM=,z+23upT9p+kaUjlLqt5fPK7Q7ZM=
55,32,o9rkuCVYa4jy7lQSUBqBLTxZXbM=,z+23upT9p+kaUjlLqt5fPK7Q7ZM=
53,40,o9rkuCVYa4jy7lQSUBqBLTxZXbM=,j/E8zE+n4WumwNp9o1vafGyIM6Q=
50,36,o9rkuCVYa4jy7lQSUBqBLTxZXbM=,z+23upT9p+kaUjlLqt5fPK7Q7ZM=
54,40,o9rkuCVYa4jy7lQSUBqBLTxZXbM=,j/E8zE+n4WumwNp9o1vafGyIM6Q=
54,32,o9rkuCVYa4jy7lQSUBqBLTxZXbM=,z+23upT9p+kaUjlLqt5fPK7Q7ZM=
49,36,o9rkuCVYa4jy7lQSUBqBLTxZXbM=,z+23upT9p+kaUjlLqt5fPK7Q7ZM=
54,38,o9rkuCVYa4jy7lQSUBqBLTxZXbM=,z+23upT9p+kaUjlLqt5fPK7Q7ZM=
48,36,o9rkuCVYa4jy7lQSUBqBLTxZXbM=,z+23upT9p+kaUjlLqt5fPK7Q7ZM=
53,32,o9rkuCVYa4jy7lQSUBqBLTxZXbM=,z+23upT9p+kaUjlLqt5fPK7Q7ZM=
54,34,o9rkuCVYa4jy7lQSUBqBLTxZXbM=,z+23upT9p+kaUjlLqt5fPK7Q7ZM=
53,37,o9rkuCVYa4jy7lQSUBqBLTxZXbM=,z+23upT9p+kaUjlLqt5fPK7Q7ZM=
55,35,o9rkuCVYa4jy7lQSUBqBLTxZXbM=,z+23upT9p+kaUjlLqt5fPK7Q7ZM=
54,35,o9rkuCVYa4jy7lQSUBqBLTxZXbM=,z+23upT9p+kaUjlLqt5fPK7Q7ZM=
52,33,o9rkuCVYa4jy7lQSUBqBLTxZXbM=,z+23upT9p+kaUjlLqt5fPK7Q7ZM=
55,34,o9rkuCVYa4jy7lQSUBqBLTxZXbM=,z+23upT9p+kaUjlLqt5fPK7Q7ZM=
52,32,o9rkuCVYa4jy7lQSUBqBLTxZXbM=,z+23upT9p+kaUjlLqt5fPK7Q7ZM=
55,33,o9rkuCVYa4jy7lQSUBqBLTxZXbM=,z+23upT9p+kaUjlLqt5fPK7Q7ZM=
52,36,o9rkuCVYa4jy7lQSUBqBLTxZXbM=,z+23upT9p+kaUjlLqt5fPK7Q7ZM=
48,39,o9rkuCVYa4jy7lQSUBqBLTxZXbM=,z+23upT9p+kaUjlLqt5fPK7Q7ZM=
53,36,o9rkuCVYa4jy7lQSUBqBLTxZXbM=,z+23upT9p+kaUjlLqt5fPK7Q7ZM=
52,37,o9rkuCVYa4jy7lQSUBqBLTxZXbM=,z+23upT9p+kaUjlLqt5fPK7Q7ZM=
53,35,o9rkuCVYa4jy7lQSUBqBLTxZXbM=,z+23upT9p+kaUjlLqt5fPK7Q7ZM=
54,36,o9rkuCVYa4jy7lQSUBqBLTxZXbM=,z+23upT9p+kaUjlLqt5fPK7Q7ZM=
51,35,o9rkuCVYa4jy7lQSUBqBLTxZXbM=,z+23upT9p+kaUjlLqt5fPK7Q7ZM=
54,33,o9rkuCVYa4jy7lQSUBqBLTxZXbM=,z+23upT9p+kaUjlLqt5fPK7Q7ZM=
55,38,o9rkuCVYa4jy7lQSUBqBLTxZXbM=,z+23upT9p+kaUjlLqt5fPK7Q7ZM=
55,36,o9rkuCVYa4jy7lQSUBqBLTxZXbM=,z+23upT9p+kaUjlLqt5fPK7Q7ZM=
50,35,o9rkuCVYa4jy7lQSUBqBLTxZXbM=,z+23upT9p+kaUjlLqt5fPK7Q7ZM=
48,35,o9rkuCVYa4jy7lQSUBqBLTxZXbM=,z+23upT9p+kaUjlLqt5fPK7Q7ZM=
48,37,o9rkuCVYa4jy7lQSUBqBLTxZXbM=,z+23upT9p+kaUjlLqt5fPK7Q7ZM=
49,35,o9rkuCVYa4jy7lQSUBqBLTxZXbM=,z+23upT9p+kaUjlLqt5fPK7Q7ZM=
52,35,o9rkuCVYa4jy7lQSUBqBLTxZXbM=,z+23upT9p+kaUjlLqt5fPK7Q7ZM=
51,37,o9rkuCVYa4jy7lQSUBqBLTxZXbM=,z+23upT9p+kaUjlLqt5fPK7Q7ZM=
53,33,o9rkuCVYa4jy7lQSUBqBLTxZXbM=,z+23upT9p+kaUjlLqt5fPK7Q7ZM=
50,34,o9rkuCVYa4jy7lQSUBqBLTxZXbM=,z+23upT9p+kaUjlLqt5fPK7Q7ZM=
59,45,o9rkuCVYa4jy7lQSUBqBLTxZXbM=,CVDl09JVEeiT4rL4jRgWqjOsxv0=
55,39,o9rkuCVYa4jy7lQSUBqBLTxZXbM=,z+23upT9p+kaUjlLqt5fPK7Q7ZM=
55,46,o9rkuCVYa4jy7lQSUBqBLTxZXbM=,j/E8zE+n4WumwNp9o1vafGyIM6Q=
58,45,o9rkuCVYa4jy7lQSUBqBLTxZXbM=,CVDl09JVEeiT4rL4jRgWqjOsxv0=
56,45,o9rkuCVYa4jy7lQSUBqBLTxZXbM=,CVDl09JVEeiT4rL4jRgWqjOsxv0=
57,45,o9rkuCVYa4jy7lQSUBqBLTxZXbM=,CVDl09JVEeiT4rL4jRgWqjOsxv0=
55,47,o9rkuCVYa4jy7lQSUBqBLTxZXbM=,j/E8zE+n4WumwNp9o1vafGyIM6Q=
63,44,o9rkuCVYa4jy7lQSUBqBLTxZXbM=,CVDl09JVEeiT4rL4jRgWqjOsxv0=
60,44,o9rkuCVYa4jy7lQSUBqBLTxZXbM=,CVDl09JVEeiT4rL4jRgWqjOsxv0=
56,40,o9rkuCVYa4jy7lQSUBqBLTxZXbM=,CVDl09JVEeiT4rL4jRgWqjOsxv0=
61,44,o9rkuCVYa4jy7lQSUBqBLTxZXbM=,CVDl09JVEeiT4rL4jRgWqjOsxv0=
59,44,o9rkuCVYa4jy7lQSUBqBLTxZXbM=,CVDl09JVEeiT4rL4jRgWqjOsxv0=
58,44,o9rkuCVYa4jy7lQSUBqBLTxZXbM=,CVDl09JVEeiT4rL4jRgWqjOsxv0=
57,44,o9rkuCVYa4jy7lQSUBqBLTxZXbM=,CVDl09JVEeiT4rL4jRgWqjOsxv0=
62,44,o9rkuCVYa4jy7lQSUBqBLTxZXbM=,CVDl09JVEeiT4rL4jRgWqjOsxv0=
63,43,o9rkuCVYa4jy7lQSUBqBLTxZXbM=,CVDl09JVEeiT4rL4jRgWqjOsxv0=
57,40,o9rkuCVYa4jy7lQSUBqBLTxZXbM=,CVDl09JVEeiT4rL4jRgWqjOsxv0=
62,43,o9rkuCVYa4jy7lQSUBqBLTxZXbM=,CVDl09JVEeiT4rL4jRgWqjOsxv0=
61,43,o9rkuCVYa4jy7lQSUBqBLTxZXbM=,CVDl09JVEeiT4rL4jRgWqjOsxv0=
60,43,o9rkuCVYa4jy7lQSUBqBLTxZXbM=,CVDl09JVEeiT4rL4jRgWqjOsxv0=
55,40,o9rkuCVYa4jy7lQSUBqBLTxZXbM=,j/E8zE+n4WumwNp9o1vafGyIM6Q=
59,43,o9rkuCVYa4jy7lQSUBqBLTxZXbM=,CVDl09JVEeiT4rL4jRgWqjOsxv0=
58,43,o9rkuCVYa4jy7lQSUBqBLTxZXbM=,CVDl09JVEeiT4rL4jRgWqjOsxv0=
56,43,o9rkuCVYa4jy7lQSUBqBLTxZXbM=,CVDl09JVEeiT4rL4jRgWqjOsxv0=
56,44,o9rkuCVYa4jy7lQSUBqBLTxZXbM=,CVDl09JVEeiT4rL4jRgWqjOsxv0=
57,43,o9rkuCVYa4jy7lQSUBqBLTxZXbM=,CVDl09JVEeiT4rL4jRgWqjOsxv0=
58,40,o9rkuCVYa4jy7lQSUBqBLTxZXbM=,CVDl09JVEeiT4rL4jRgWqjOsxv0=
62,42,o9rkuCVYa4jy7lQSUBqBLTxZXbM=,CVDl09JVEeiT4rL4jRgWqjOsxv0=
63,42,o9rkuCVYa4jy7lQSUBqBLTxZXbM=,CVDl09JVEeiT4rL4jRgWqjOsxv0=
60,42,o9rkuCVYa4jy7lQSUBqBLTxZXbM=,CVDl09JVEeiT4rL4jRgWqjOsxv0=
61,42,o9rkuCVYa4jy7lQSUBqBLTxZXbM=,CVDl09JVEeiT4rL4jRgWqjOsxv0=
63,47,o9rkuCVYa4jy7lQSUBqBLTxZXbM=,CVDl09JVEeiT4rL4jRgWqjOsxv0=
59,40,o9rkuCVYa4jy7lQSUBqBLTxZXbM=,CVDl09JVEeiT4rL4jRgWqjOsxv0=
58,42,o9rkuCVYa4jy7lQSUBqBLTxZXbM=,CVDl09JVEeiT4rL4jRgWqjOsxv0=
59,42,o9rkuCVYa4jy7lQSUBqBLTxZXbM=,CVDl09JVEeiT4rL4jRgWqjOsxv0=
55,45,o9rkuCVYa4jy7lQSUBqBLTxZXbM=,j/E8zE+n4WumwNp9o1vafGyIM6Q=
57,42,o9rkuCVYa4jy7lQSUBqBLTxZXbM=,CVDl09JVEeiT4rL4jRgWqjOsxv0=
62,47,o9rkuCVYa4jy7lQSUBqBLTxZXbM=,CVDl09JVEeiT4rL4jRgWqjOsxv0=
60,45,o9rkuCVYa4jy7lQSUBqBLTxZXbM=,CVDl09JVEeiT4rL4jRgWqjOsxv0=
56,42,o9rkuCVYa4jy7lQSUBqBLTxZXbM=,CVDl09JVEeiT4rL4jRgWqjOsxv0=
61,47,o9rkuCVYa4jy7lQSUBqBLTxZXbM=,CVDl09JVEeiT4rL4jRgWqjOsxv0=
60,47,o9rkuCVYa4jy7lQSUBqBLTxZXbM=,CVDl09JVEeiT4rL4jRgWqjOsxv0=
59,47,o9rkuCVYa4jy7lQSUBqBLTxZXbM=,CVDl09JVEeiT4rL4jRgWqjOsxv0=
63,41,o9rkuCVYa4jy7lQSUBqBLTxZXbM=,CVDl09JVEeiT4rL4jRgWqjOsxv0=
58,47,o9rkuCVYa4jy7lQSUBqBLTxZXbM=,CVDl09JVEeiT4rL4jRgWqjOsxv0=
61,45,o9rkuCVYa4jy7lQSUBqBLTxZXbM=,CVDl09JVEeiT4rL4jRgWqjOsxv0=
62,41,o9rkuCVYa4jy7lQSUBqBLTxZXbM=,CVDl09JVEeiT4rL4jRgWqjOsxv0=
55,44,o9rkuCVYa4jy7lQSUBqBLTxZXbM=,j/E8zE+n4WumwNp9o1vafGyIM6Q=
61,41,o9rkuCVYa4jy7lQSUBqBLTxZXbM=,CVDl09JVEeiT4rL4jRgWqjOsxv0=
57,47,o9rkuCVYa4jy7lQSUBqBLTxZXbM=,CVDl09JVEeiT4rL4jRgWqjOsxv0=
62,45,o9rkuCVYa4jy7lQSUBqBLTxZXbM=,CVDl09JVEeiT4rL4jRgWqjOsxv0=
63,46,o9rkuCVYa4jy7lQSUBqBLTxZXbM=,CVDl09JVEeiT4rL4jRgWqjOsxv0=
62,46,o9rkuCVYa4jy7lQSUBqBLTxZXbM=,CVDl09JVEeiT4rL4jRgWqjOsxv0=
60,41,o9rkuCVYa4jy7lQSUBqBLTxZXbM=,CVDl09JVEeiT4rL4jRgWqjOsxv0=
59,41,o9rkuCVYa4jy7lQSUBqBLTxZXbM=,CVDl09JVEeiT4rL4jRgWqjOsxv0=
61,46,o9rkuCVYa4jy7lQSUBqBLTxZXbM=,CVDl09JVEeiT4rL4jRgWqjOsxv0=
55,41,o9rkuCVYa4jy7lQSUBqBLTxZXbM=,j/E8zE+n4WumwNp9o1vafGyIM6Q=
58,41,o9rkuCVYa4jy7lQSUBqBLTxZXbM=,CVDl09JVEeiT4rL4jRgWqjOsxv0=
57,41,o9rkuCVYa4jy7lQSUBqBLTxZXbM=,CVDl09JVEeiT4rL4jRgWqjOsxv0=
55,43,o9rkuCVYa4jy7lQSUBqBLTxZXbM=,j/E8zE+n4WumwNp9o1vafGyIM6Q=
63,40,o9rkuCVYa4jy7lQSUBqBLTxZXbM=,CVDl09JVEeiT4rL4jRgWqjOsxv0=
60,40,o9rkuCVYa4jy7lQSUBqBLTxZXbM=,CVDl09JVEeiT4rL4jRgWqjOsxv0=
56,41,o9rkuCVYa4jy7lQSUBqBLTxZXbM=,CVDl09JVEeiT4rL4jRgWqjOsxv0=
62,40,o9rkuCVYa4jy7lQSUBqBLTxZXbM=,CVDl09JVEeiT4rL4jRgWqjOsxv0=
59,46,o9rkuCVYa4jy7lQSUBqBLTxZXbM=,CVDl09JVEeiT4rL4jRgWqjOsxv0=
60,46,o9rkuCVYa4jy7lQSUBqBLTxZXbM=,CVDl09JVEeiT4rL4jRgWqjOsxv0=
61,40,o9rkuCVYa4jy7lQSUBqBLTxZXbM=,CVDl09JVEeiT4rL4jRgWqjOsxv0=
63,45,o9rkuCVYa4jy7lQSUBqBLTxZXbM=,CVDl09JVEeiT4rL4jRgWqjOsxv0=
58,46,o9rkuCVYa4jy7lQSUBqBLTxZXbM=,CVDl09JVEeiT4rL4jRgWqjOsxv0=
57,46,o9rkuCVYa4jy7lQSUBqBLTxZXbM=,CVDl09JVEeiT4rL4jRgWqjOsxv0=
55,42,o9rkuCVYa4jy7lQSUBqBLTxZXbM=,j/E8zE+n4WumwNp9o1vafGyIM6Q=
56,46,o9rkuCVYa4jy7lQSUBqBLTxZXbM=,CVDl09JVEeiT4rL4jRgWqjOsxv0=
56,47,o9rkuCVYa4jy7lQSUBqBLTxZXbM=,CVDl09JVEeiT4rL4jRgWqjOsxv0=
